TCOA_Company,TCOA_Cabang,TCOA_Jenis_transaksi,TCOA_Traksaksi_Debit,TCOA_Transaksi_Credit,TCOA_Mutasi_Debit,TCOA_Mutasi_Credit,TCOA_CreateDate,TCOA_CreateUser,TCOA_CreateTIme,TCOA_ModifyUser,TCOA_ModifyDate,TCOA_ModifyTime
------------,-----------,--------------------,--------------------,---------------------,-----------------,------------------,-----------------------,---------------,---------------,---------------,-----------------------,---------------
01,05,000,,,,,NULL,NULL,NULL,NULL,NULL,NULL
01,05,100,130100000,130100001,A01,A01,NULL,NULL,NULL,NULL,NULL,NULL
01,05,101,130100000,130100002,A01,A01,NULL,NULL,NULL,NULL,NULL,NULL
01,05,102,130100000,120500000,A01,A01,NULL,NULL,NULL,NULL,NULL,NULL
01,05,103,130100000,130100002,A01,A01,NULL,NULL,NULL,NULL,NULL,NULL
01,05,104,130100000,400100100,A01,A01,NULL,NULL,NULL,NULL,NULL,NULL
01,05,105,130100000,830000000,A01,A01,NULL,NULL,NULL,NULL,NULL,NULL
01,05,108,130100000,150000006,A01,A01,NULL,NULL,NULL,NULL,NULL,NULL
01,05,109,130100000,150000007,A01,A01,NULL,NULL,NULL,NULL,NULL,NULL
01,05,110,130100000,150000008,A01,A01,NULL,NULL,NULL,NULL,NULL,NULL
01,05,111,130100000,150000009,A01,A01,NULL,NULL,NULL,NULL,NULL,NULL
01,05,112,130100000,709000013,A01,A01,NULL,NULL,NULL,NULL,NULL,NULL
01,05,113,130100000,150000010,A01,A01,2013-01-11 09:54:35.983,DARMAWAN,09:54:35,NULL,NULL,NULL
01,05,200,130100001,210100000,A01,D01,NULL,NULL,NULL,NULL,NULL,NULL
01,05,200,250000004,706000000,C02,B06,NULL,NULL,NULL,NULL,NULL,NULL
01,05,200,720000008,,C03,,2013-07-31 00:00:00.000,SETYO,080856,,1901-01-01 00:00:00.000,000000
01,05,200,830000000,210200000,H01,B07,NULL,NULL,NULL,NULL,NULL,NULL
01,05,201,130100001,210300000,A01,D01,NULL,NULL,NULL,NULL,NULL,NULL
01,05,201,250000004,706000000,C02,B06,NULL,NULL,NULL,NULL,NULL,NULL
01,05,201,830000000,210200000,H01,B07,NULL,NULL,NULL,NULL,NULL,NULL
01,05,202,130100001,210300001,A01,D01,NULL,NULL,NULL,NULL,NULL,NULL
01,05,202,250000004,706000000,C02,B06,NULL,NULL,NULL,NULL,NULL,NULL
01,05,202,830000000,210200000,H01,B07,NULL,NULL,NULL,NULL,NULL,NULL
01,05,203,130100001,210300002,A01,D01,NULL,NULL,NULL,NULL,NULL,NULL
01,05,203,250000004,706000000,C02,B06,NULL,NULL,NULL,NULL,NULL,NULL
01,05,203,830000000,210200000,H01,B07,NULL,NULL,NULL,NULL,NULL,NULL
01,05,204,130100001,210300003,A01,D01,NULL,NULL,NULL,NULL,NULL,NULL
01,05,204,250000004,706000000,C02,B06,NULL,NULL,NULL,NULL,NULL,NULL
01,05,204,830000000,210200000,H01,B07,NULL,NULL,NULL,NULL,NULL,NULL
01,05,205,130100001,210300004,A01,D01,NULL,NULL,NULL,NULL,NULL,NULL
01,05,205,250000004,706000000,C02,B06,NULL,NULL,NULL,NULL,NULL,NULL
01,05,205,830000000,210200000,H01,B07,NULL,NULL,NULL,NULL,NULL,NULL
01,05,206,130100001,210300005,A01,D01,NULL,NULL,NULL,NULL,NULL,NULL
01,05,206,250000004,706000000,C02,B06,NULL,NULL,NULL,NULL,NULL,NULL
01,05,206,830000000,210200000,H01,B07,NULL,NULL,NULL,NULL,NULL,NULL
01,05,207,130100001,210300006,A01,D01,NULL,NULL,NULL,NULL,NULL,NULL
01,05,207,250000004,706000000,C02,B06,NULL,NULL,NULL,NULL,NULL,NULL
01,05,207,830000000,210200000,H01,B07,NULL,NULL,NULL,NULL,NULL,NULL
01,05,208,130100001,210300007,A01,D01,NULL,NULL,NULL,NULL,NULL,NULL
01,05,208,250000004,706000000,C02,B06,NULL,NULL,NULL,NULL,NULL,NULL
01,05,208,830000000,210200000,H01,B07,NULL,NULL,NULL,NULL,NULL,NULL
01,05,209,130100001,210300008,A01,D01,NULL,NULL,NULL,NULL,NULL,NULL
01,05,209,250000004,706000000,C02,B06,NULL,NULL,NULL,NULL,NULL,NULL
01,05,209,830000000,210200000,H01,B07,NULL,NULL,NULL,NULL,NULL,NULL
01,05,210,130100001,210300009,A01,D01,NULL,NULL,NULL,NULL,NULL,NULL
01,05,210,250000004,706000000,C02,B06,NULL,NULL,NULL,NULL,NULL,NULL
01,05,210,830000000,210200000,H01,B07,NULL,NULL,NULL,NULL,NULL,NULL
01,05,211,130100001,210300010,A01,D01,NULL,NULL,NULL,NULL,NULL,NULL
01,05,211,250000004,706000000,C02,B06,NULL,NULL,NULL,NULL,NULL,NULL
01,05,211,830000000,210200000,H01,B07,NULL,NULL,NULL,NULL,NULL,NULL
01,05,212,130100001,210300011,A01,D01,NULL,NULL,NULL,NULL,NULL,NULL
01,05,212,250000004,706000000,C02,B06,NULL,NULL,NULL,NULL,NULL,NULL
01,05,212,830000000,210200000,H01,B07,NULL,NULL,NULL,NULL,NULL,NULL
01,05,213,130100001,210300012,A01,D01,NULL,NULL,NULL,NULL,NULL,NULL
01,05,213,250000004,706000000,C02,B06,NULL,NULL,NULL,NULL,NULL,NULL
01,05,213,830000000,210200000,H01,B07,NULL,NULL,NULL,NULL,NULL,NULL
01,05,214,130100001,210300013,A01,D01,NULL,NULL,NULL,NULL,NULL,NULL
01,05,214,250000004,706000000,C02,B06,NULL,NULL,NULL,NULL,NULL,NULL
01,05,214,830000000,210200000,H01,B07,NULL,NULL,NULL,NULL,NULL,NULL
01,05,215,130100001,210300014,A01,D01,NULL,NULL,NULL,NULL,NULL,NULL
01,05,215,250000004,706000000,C02,B06,NULL,NULL,NULL,NULL,NULL,NULL
01,05,215,830000000,210200000,H01,B07,NULL,NULL,NULL,NULL,NULL,NULL
01,05,216,130100001,210300015,A01,D01,NULL,NULL,NULL,NULL,NULL,NULL
01,05,216,250000004,706000000,C02,B06,NULL,NULL,NULL,NULL,NULL,NULL
01,05,216,830000000,210200000,H01,B07,NULL,NULL,NULL,NULL,NULL,NULL
01,05,217,130100001,210300016,A01,D01,NULL,NULL,NULL,NULL,NULL,NULL
01,05,217,250000004,706000000,C02,B06,NULL,NULL,NULL,NULL,NULL,NULL
01,05,217,830000000,210200000,H01,B07,NULL,NULL,NULL,NULL,NULL,NULL
01,05,218,130100001,210300017,A01,D01,NULL,NULL,NULL,NULL,NULL,NULL
01,05,218,250000004,706000000,C02,B06,NULL,NULL,NULL,NULL,NULL,NULL
01,05,218,830000000,210200000,H01,B07,NULL,NULL,NULL,NULL,NULL,NULL
01,05,219,130100001,210300018,A01,D01,NULL,NULL,NULL,NULL,NULL,NULL
01,05,219,250000004,706000000,C02,B06,NULL,NULL,NULL,NULL,NULL,NULL
01,05,219,830000000,210200000,H01,B07,NULL,NULL,NULL,NULL,NULL,NULL
01,05,220,130100001,210300019,A01,D01,NULL,NULL,NULL,NULL,NULL,NULL
01,05,220,250000004,706000000,C02,B06,NULL,NULL,NULL,NULL,NULL,NULL
01,05,220,830000000,210200000,H01,B07,NULL,NULL,NULL,NULL,NULL,NULL
01,05,221,130100001,210300020,A01,D01,NULL,NULL,NULL,NULL,NULL,NULL
01,05,221,250000004,706000000,C02,B06,NULL,NULL,NULL,NULL,NULL,NULL
01,05,221,830000000,210200000,H01,B07,NULL,NULL,NULL,NULL,NULL,NULL
01,05,222,130100001,210300021,A01,D01,NULL,NULL,NULL,NULL,NULL,NULL
01,05,222,250000004,706000000,C02,B06,NULL,NULL,NULL,NULL,NULL,NULL
01,05,222,830000000,210200000,H01,B07,NULL,NULL,NULL,NULL,NULL,NULL
01,05,223,130100001,210300022,A01,D01,NULL,NULL,NULL,NULL,NULL,NULL
01,05,223,250000004,706000000,C02,B06,NULL,NULL,NULL,NULL,NULL,NULL
01,05,223,830000000,210200000,H01,B07,NULL,NULL,NULL,NULL,NULL,NULL
01,05,224,130100001,210300023,A01,D01,NULL,NULL,NULL,NULL,NULL,NULL
01,05,224,250000004,706000000,C02,B06,NULL,NULL,NULL,NULL,NULL,NULL
01,05,224,830000000,210200000,H01,B07,NULL,NULL,NULL,NULL,NULL,NULL
01,05,225,130100001,210300024,A01,D01,NULL,NULL,NULL,NULL,NULL,NULL
01,05,225,250000004,706000000,C02,B06,NULL,NULL,NULL,NULL,NULL,NULL
01,05,225,830000000,210200000,H01,B07,NULL,NULL,NULL,NULL,NULL,NULL
01,05,226,130100001,210300025,A01,D01,NULL,NULL,NULL,NULL,NULL,NULL
01,05,226,250000004,706000000,C02,B06,NULL,NULL,NULL,NULL,NULL,NULL
01,05,226,830000000,210200000,H01,B07,NULL,NULL,NULL,NULL,NULL,NULL
01,05,250,210100000,100310000,F02,F02,NULL,NULL,NULL,NULL,NULL,NULL
01,05,251,210300000,100310014,F02,F02,NULL,NULL,NULL,NULL,NULL,NULL
01,05,252,210300001,100310014,F02,F02,NULL,NULL,NULL,NULL,NULL,NULL
01,05,253,210300002,100310014,F02,F02,NULL,NULL,NULL,NULL,NULL,NULL
01,05,254,210300003,100310014,F02,F02,NULL,NULL,NULL,NULL,NULL,NULL
01,05,255,210300004,100310014,F02,F02,NULL,NULL,NULL,NULL,NULL,NULL
01,05,256,210300005,100310014,F02,F02,NULL,NULL,NULL,NULL,NULL,NULL
01,05,257,210300006,100310014,F02,F02,NULL,NULL,NULL,NULL,NULL,NULL
01,05,258,210300007,100310014,F02,F02,NULL,NULL,NULL,NULL,NULL,NULL
01,05,259,210300008,100310014,F02,F02,NULL,NULL,NULL,NULL,NULL,NULL
01,05,260,210300009,100310014,F02,F02,NULL,NULL,NULL,NULL,NULL,NULL
01,05,261,210300010,100310014,F02,F02,NULL,NULL,NULL,NULL,NULL,NULL
01,05,262,210300011,100310014,F02,F02,NULL,NULL,NULL,NULL,NULL,NULL
01,05,263,210300012,100310014,F02,F02,NULL,NULL,NULL,NULL,NULL,NULL
01,05,264,210300013,100310014,F02,F02,NULL,NULL,NULL,NULL,NULL,NULL
01,05,265,210300014,100310014,F02,F02,NULL,NULL,NULL,NULL,NULL,NULL
01,05,266,210300015,100310014,F02,F02,NULL,NULL,NULL,NULL,NULL,NULL
01,05,267,210300016,100310014,F02,F02,NULL,NULL,NULL,NULL,NULL,NULL
01,05,268,210300017,100310014,F02,F02,NULL,NULL,NULL,NULL,NULL,NULL
01,05,269,210300018,100310014,F02,F02,NULL,NULL,NULL,NULL,NULL,NULL
01,05,270,210300019,100310014,F02,F02,NULL,NULL,NULL,NULL,NULL,NULL
01,05,271,210300020,100310014,F02,F02,NULL,NULL,NULL,NULL,NULL,NULL
01,05,272,210300021,100310014,F02,F02,NULL,NULL,NULL,NULL,NULL,NULL
01,05,273,210300022,100310014,F02,F02,NULL,NULL,NULL,NULL,NULL,NULL
01,05,274,210300023,100310014,F02,F02,NULL,NULL,NULL,NULL,NULL,NULL
01,05,275,210300024,100310014,F02,F02,NULL,NULL,NULL,NULL,NULL,NULL
01,05,276,210300025,100310014,F02,F02,NULL,NULL,NULL,NULL,NULL,NULL
01,05,300,,300250000,,A04,NULL,NULL,NULL,NULL,NULL,NULL
01,05,300,110200000,300200000,D02,A02,NULL,NULL,NULL,NULL,NULL,NULL
01,05,300,300400000,250000004,B01,C01,NULL,NULL,NULL,NULL,NULL,NULL
01,05,300,400200000,130100000,A01,A01,NULL,NULL,NULL,NULL,NULL,NULL
01,05,301,,300250000,,A04,NULL,NULL,NULL,NULL,NULL,NULL
01,05,301,110100000,300100000,D02,A02,NULL,NULL,NULL,NULL,NULL,NULL
01,05,301,300300000,250000004,B01,C01,NULL,NULL,NULL,NULL,NULL,NULL
01,05,301,400100000,130100000,A01,A01,NULL,NULL,NULL,NULL,NULL,NULL
01,05,302,,300250000,,A04,NULL,NULL,NULL,NULL,NULL,NULL
01,05,302,110100001,300100001,D02,A02,NULL,NULL,NULL,NULL,NULL,NULL
01,05,302,300300001,250000004,B01,C01,NULL,NULL,NULL,NULL,NULL,NULL
01,05,302,400100001,130100000,A01,A01,NULL,NULL,NULL,NULL,NULL,NULL
01,05,303,,300250000,,A04,NULL,NULL,NULL,NULL,NULL,NULL
01,05,303,110100002,300100002,D02,A02,NULL,NULL,NULL,NULL,NULL,NULL
01,05,303,300300002,250000004,B01,C01,NULL,NULL,NULL,NULL,NULL,NULL
01,05,303,400100002,130100000,A01,A01,NULL,NULL,NULL,NULL,NULL,NULL
01,05,304,,300250000,,A04,NULL,NULL,NULL,NULL,NULL,NULL
01,05,304,110100003,300100003,D02,A02,NULL,NULL,NULL,NULL,NULL,NULL
01,05,304,300300003,250000004,B01,C01,NULL,NULL,NULL,NULL,NULL,NULL
01,05,304,400100003,130100000,A01,A01,NULL,NULL,NULL,NULL,NULL,NULL
01,05,305,,300250000,,A04,NULL,NULL,NULL,NULL,NULL,NULL
01,05,305,110100004,300100004,D02,A02,NULL,NULL,NULL,NULL,NULL,NULL
01,05,305,300300004,250000004,B01,C01,NULL,NULL,NULL,NULL,NULL,NULL
01,05,305,400100004,130100000,A01,A01,NULL,NULL,NULL,NULL,NULL,NULL
01,05,306,,300250000,,A04,NULL,NULL,NULL,NULL,NULL,NULL
01,05,306,110100005,300100005,D02,A02,NULL,NULL,NULL,NULL,NULL,NULL
01,05,306,300300005,250000004,B01,C01,NULL,NULL,NULL,NULL,NULL,NULL
01,05,306,400100005,130100000,A01,A01,NULL,NULL,NULL,NULL,NULL,NULL
01,05,307,,300250000,,A04,NULL,NULL,NULL,NULL,NULL,NULL
01,05,307,110100006,300100006,D02,A02,NULL,NULL,NULL,NULL,NULL,NULL
01,05,307,300300006,250000004,B01,C01,NULL,NULL,NULL,NULL,NULL,NULL
01,05,307,400100006,130100000,A01,A01,NULL,NULL,NULL,NULL,NULL,NULL
01,05,308,,300250000,,A04,NULL,NULL,NULL,NULL,NULL,NULL
01,05,308,110100007,300100007,D02,A02,NULL,NULL,NULL,NULL,NULL,NULL
01,05,308,300300007,250000004,B01,C01,NULL,NULL,NULL,NULL,NULL,NULL
01,05,308,400100007,130100000,A01,A01,NULL,NULL,NULL,NULL,NULL,NULL
01,05,309,,300250000,,A04,NULL,NULL,NULL,NULL,NULL,NULL
01,05,309,110100008,300100008,D02,A02,NULL,NULL,NULL,NULL,NULL,NULL
01,05,309,300300008,250000004,B01,C01,NULL,NULL,NULL,NULL,NULL,NULL
01,05,309,400100008,130100000,A01,A01,NULL,NULL,NULL,NULL,NULL,NULL
01,05,310,,300250000,,A04,NULL,NULL,NULL,NULL,NULL,NULL
01,05,310,110100009,300100009,D02,A02,NULL,NULL,NULL,NULL,NULL,NULL
01,05,310,300300009,250000004,B01,C01,NULL,NULL,NULL,NULL,NULL,NULL
01,05,310,400100009,130100000,A01,A01,NULL,NULL,NULL,NULL,NULL,NULL
01,05,311,,300250000,,A04,NULL,NULL,NULL,NULL,NULL,NULL
01,05,311,110100010,300100010,D02,A02,NULL,NULL,NULL,NULL,NULL,NULL
01,05,311,300300010,250000004,B01,C01,NULL,NULL,NULL,NULL,NULL,NULL
01,05,311,400100010,130100000,A01,A01,NULL,NULL,NULL,NULL,NULL,NULL
01,05,312,,300250000,,A04,NULL,NULL,NULL,NULL,NULL,NULL
01,05,312,110100011,300100011,D02,A02,NULL,NULL,NULL,NULL,NULL,NULL
01,05,312,300300011,250000004,B01,C01,NULL,NULL,NULL,NULL,NULL,NULL
01,05,312,400100011,130100000,A01,A01,NULL,NULL,NULL,NULL,NULL,NULL
01,05,313,,300250000,,A04,NULL,NULL,NULL,NULL,NULL,NULL
01,05,313,110100012,300100012,D02,A02,NULL,NULL,NULL,NULL,NULL,NULL
01,05,313,300300012,250000004,B01,C01,NULL,NULL,NULL,NULL,NULL,NULL
01,05,313,400100012,130100000,A01,A01,NULL,NULL,NULL,NULL,NULL,NULL
01,05,314,,300250000,,A04,NULL,NULL,NULL,NULL,NULL,NULL
01,05,314,110100013,300100013,D02,A02,NULL,NULL,NULL,NULL,NULL,NULL
01,05,314,300300013,250000004,B01,C01,NULL,NULL,NULL,NULL,NULL,NULL
01,05,314,400100013,130100000,A01,A01,NULL,NULL,NULL,NULL,NULL,NULL
01,05,315,,300250000,,A04,NULL,NULL,NULL,NULL,NULL,NULL
01,05,315,110100014,300100014,D02,A02,NULL,NULL,NULL,NULL,NULL,NULL
01,05,315,300300014,250000004,B01,C01,NULL,NULL,NULL,NULL,NULL,NULL
01,05,315,400100014,130100000,A01,A01,NULL,NULL,NULL,NULL,NULL,NULL
01,05,316,,300250000,,A04,NULL,NULL,NULL,NULL,NULL,NULL
01,05,316,110100015,300100015,D02,A02,NULL,NULL,NULL,NULL,NULL,NULL
01,05,316,300300015,250000004,B01,C01,NULL,NULL,NULL,NULL,NULL,NULL
01,05,316,400100015,130100000,A01,A01,NULL,NULL,NULL,NULL,NULL,NULL
01,05,317,,300250000,,A04,NULL,NULL,NULL,NULL,NULL,NULL
01,05,317,110100016,300100016,D02,A02,NULL,NULL,NULL,NULL,NULL,NULL
01,05,317,300300016,250000004,B01,C01,NULL,NULL,NULL,NULL,NULL,NULL
01,05,317,400100016,130100000,A01,A01,NULL,NULL,NULL,NULL,NULL,NULL
01,05,318,,300250000,,A04,NULL,NULL,NULL,NULL,NULL,NULL
01,05,318,110100017,300100017,D02,A02,NULL,NULL,NULL,NULL,NULL,NULL
01,05,318,300300017,250000004,B01,C01,NULL,NULL,NULL,NULL,NULL,NULL
01,05,318,400100017,130100000,A01,A01,NULL,NULL,NULL,NULL,NULL,NULL
01,05,319,,300250000,,A04,NULL,NULL,NULL,NULL,NULL,NULL
01,05,319,110100018,300100018,D02,A02,NULL,NULL,NULL,NULL,NULL,NULL
01,05,319,300300018,250000004,B01,C01,NULL,NULL,NULL,NULL,NULL,NULL
01,05,319,400100018,130100000,A01,A01,NULL,NULL,NULL,NULL,NULL,NULL
01,05,320,,300250000,,A04,NULL,NULL,NULL,NULL,NULL,NULL
01,05,320,110100019,300100019,D02,A02,NULL,NULL,NULL,NULL,NULL,NULL
01,05,320,300300019,250000004,B01,C01,NULL,NULL,NULL,NULL,NULL,NULL
01,05,320,400100019,130100000,A01,A01,NULL,NULL,NULL,NULL,NULL,NULL
01,05,321,,300250000,,A04,NULL,NULL,NULL,NULL,NULL,NULL
01,05,321,110100020,300100020,D02,A02,NULL,NULL,NULL,NULL,NULL,NULL
01,05,321,300300020,250000004,B01,C01,NULL,NULL,NULL,NULL,NULL,NULL
01,05,321,400100020,130100000,A01,A01,NULL,NULL,NULL,NULL,NULL,NULL
01,05,322,,300250000,,A04,NULL,NULL,NULL,NULL,NULL,NULL
01,05,322,110100021,300100021,D02,A02,NULL,NULL,NULL,NULL,NULL,NULL
01,05,322,300300021,250000004,B01,C01,NULL,NULL,NULL,NULL,NULL,NULL
01,05,322,400100021,130100000,A01,A01,NULL,NULL,NULL,NULL,NULL,NULL
01,05,323,,300250000,,A04,NULL,NULL,NULL,NULL,NULL,NULL
01,05,323,110100022,300100022,D02,A02,NULL,NULL,NULL,NULL,NULL,NULL
01,05,323,300300022,250000004,B01,C01,NULL,NULL,NULL,NULL,NULL,NULL
01,05,323,400100022,130100000,A01,A01,NULL,NULL,NULL,NULL,NULL,NULL
01,05,324,,300250000,,A04,NULL,NULL,NULL,NULL,NULL,NULL
01,05,324,110100023,300100023,D02,A02,NULL,NULL,NULL,NULL,NULL,NULL
01,05,324,300300023,250000004,B01,C01,NULL,NULL,NULL,NULL,NULL,NULL
01,05,324,400100023,130100000,A01,A01,NULL,NULL,NULL,NULL,NULL,NULL
01,05,325,,300250000,,A04,NULL,NULL,NULL,NULL,NULL,NULL
01,05,325,110100024,300100024,D02,A02,NULL,NULL,NULL,NULL,NULL,NULL
01,05,325,300300024,250000004,B01,C01,NULL,NULL,NULL,NULL,NULL,NULL
01,05,325,400100024,130100000,A01,A01,NULL,NULL,NULL,NULL,NULL,NULL
01,05,350,130100002,400200000,A01,A01,NULL,NULL,NULL,NULL,NULL,NULL
01,05,350,250000004,300400000,C02,B01,NULL,NULL,NULL,NULL,NULL,NULL
01,05,350,300200000,110200000,A02,D04,NULL,NULL,NULL,NULL,NULL,NULL
01,05,351,130100002,400100000,A01,A01,NULL,NULL,NULL,NULL,NULL,NULL
01,05,351,250000004,300300000,C02,B01,NULL,NULL,NULL,NULL,NULL,NULL
01,05,351,300100000,110100000,A02,D04,NULL,NULL,NULL,NULL,NULL,NULL
01,05,352,130100002,400100001,A01,A01,NULL,NULL,NULL,NULL,NULL,NULL
01,05,352,250000004,300300001,C02,B01,NULL,NULL,NULL,NULL,NULL,NULL
01,05,352,300100001,110100001,A02,D04,NULL,NULL,NULL,NULL,NULL,NULL
01,05,353,130100002,400100002,A01,A01,NULL,NULL,NULL,NULL,NULL,NULL
01,05,353,250000004,300300002,C02,B01,NULL,NULL,NULL,NULL,NULL,NULL
01,05,353,300100002,110100002,A02,D04,NULL,NULL,NULL,NULL,NULL,NULL
01,05,354,130100002,400100003,A01,A01,NULL,NULL,NULL,NULL,NULL,NULL
01,05,354,250000004,300300003,C02,B01,NULL,NULL,NULL,NULL,NULL,NULL
01,05,354,300100003,110100003,A02,D04,NULL,NULL,NULL,NULL,NULL,NULL
01,05,355,130100002,400100004,A01,A01,NULL,NULL,NULL,NULL,NULL,NULL
01,05,355,250000004,300300004,C02,B01,NULL,NULL,NULL,NULL,NULL,NULL
01,05,355,300100004,110100004,A02,D04,NULL,NULL,NULL,NULL,NULL,NULL
01,05,356,130100002,400100005,A01,A01,NULL,NULL,NULL,NULL,NULL,NULL
01,05,356,250000004,300300005,C02,B01,NULL,NULL,NULL,NULL,NULL,NULL
01,05,356,300100005,110100005,A02,D04,NULL,NULL,NULL,NULL,NULL,NULL
01,05,357,130100002,400100006,A01,A01,NULL,NULL,NULL,NULL,NULL,NULL
01,05,357,250000004,300300006,C02,B01,NULL,NULL,NULL,NULL,NULL,NULL
01,05,357,300100006,110100006,A02,D04,NULL,NULL,NULL,NULL,NULL,NULL
01,05,358,130100002,400100007,A01,A01,NULL,NULL,NULL,NULL,NULL,NULL
01,05,358,250000004,300300007,C02,B01,NULL,NULL,NULL,NULL,NULL,NULL
01,05,358,300100007,110100007,A02,D04,NULL,NULL,NULL,NULL,NULL,NULL
01,05,359,130100002,400100008,A01,A01,NULL,NULL,NULL,NULL,NULL,NULL
01,05,359,250000004,300300008,C02,B01,NULL,NULL,NULL,NULL,NULL,NULL
01,05,359,300100008,110100008,A02,D04,NULL,NULL,NULL,NULL,NULL,NULL
01,05,360,130100002,400100009,A01,A01,NULL,NULL,NULL,NULL,NULL,NULL
01,05,360,250000004,300300009,C02,B01,NULL,NULL,NULL,NULL,NULL,NULL
01,05,360,300100009,110100009,A02,D04,NULL,NULL,NULL,NULL,NULL,NULL
01,05,361,130100002,400100010,A01,A01,NULL,NULL,NULL,NULL,NULL,NULL
01,05,361,250000004,300300010,C02,B01,NULL,NULL,NULL,NULL,NULL,NULL
01,05,361,300100010,110100010,A02,D04,NULL,NULL,NULL,NULL,NULL,NULL
01,05,362,130100002,400100011,A01,A01,NULL,NULL,NULL,NULL,NULL,NULL
01,05,362,250000004,300300011,C02,B01,NULL,NULL,NULL,NULL,NULL,NULL
01,05,362,300100011,110100011,A02,D04,NULL,NULL,NULL,NULL,NULL,NULL
01,05,363,130100002,400100012,A01,A01,NULL,NULL,NULL,NULL,NULL,NULL
01,05,363,250000004,300300012,C02,B01,NULL,NULL,NULL,NULL,NULL,NULL
01,05,363,300100012,110100012,A02,D04,NULL,NULL,NULL,NULL,NULL,NULL
01,05,364,130100002,400100013,A01,A01,NULL,NULL,NULL,NULL,NULL,NULL
01,05,364,250000004,300300013,C02,B01,NULL,NULL,NULL,NULL,NULL,NULL
01,05,364,300100013,110100013,A02,D04,NULL,NULL,NULL,NULL,NULL,NULL
01,05,365,130100002,400100014,A01,A01,NULL,NULL,NULL,NULL,NULL,NULL
01,05,365,250000004,300300014,C02,B01,NULL,NULL,NULL,NULL,NULL,NULL
01,05,365,300100014,110100014,A02,D04,NULL,NULL,NULL,NULL,NULL,NULL
01,05,366,130100002,400100015,A01,A01,NULL,NULL,NULL,NULL,NULL,NULL
01,05,366,250000004,300300015,C02,B01,NULL,NULL,NULL,NULL,NULL,NULL
01,05,366,300100015,110100015,A02,D04,NULL,NULL,NULL,NULL,NULL,NULL
01,05,367,130100002,400100016,A01,A01,NULL,NULL,NULL,NULL,NULL,NULL
01,05,367,250000004,300300016,C02,B01,NULL,NULL,NULL,NULL,NULL,NULL
01,05,367,300100016,110100016,A02,D04,NULL,NULL,NULL,NULL,NULL,NULL
01,05,368,130100002,400100017,A01,A01,NULL,NULL,NULL,NULL,NULL,NULL
01,05,368,250000004,300300017,C02,B01,NULL,NULL,NULL,NULL,NULL,NULL
01,05,368,300100017,110100017,A02,D04,NULL,NULL,NULL,NULL,NULL,NULL
01,05,369,130100002,400100018,A01,A01,NULL,NULL,NULL,NULL,NULL,NULL
01,05,369,250000004,300300018,C02,B01,NULL,NULL,NULL,NULL,NULL,NULL
01,05,369,300100018,110100018,A02,D04,NULL,NULL,NULL,NULL,NULL,NULL
01,05,370,130100002,400100019,A01,A01,NULL,NULL,NULL,NULL,NULL,NULL
01,05,370,250000004,300300019,C02,B01,NULL,NULL,NULL,NULL,NULL,NULL
01,05,370,300100019,110100019,A02,D04,NULL,NULL,NULL,NULL,NULL,NULL
01,05,371,130100002,400100020,A01,A01,NULL,NULL,NULL,NULL,NULL,NULL
01,05,371,250000004,300300020,C02,B01,NULL,NULL,NULL,NULL,NULL,NULL
01,05,371,300100020,110100020,A02,D04,NULL,NULL,NULL,NULL,NULL,NULL
01,05,372,130100002,400100021,A01,A01,NULL,NULL,NULL,NULL,NULL,NULL
01,05,372,250000004,300300021,C02,B01,NULL,NULL,NULL,NULL,NULL,NULL
01,05,372,300100021,110100021,A02,D04,NULL,NULL,NULL,NULL,NULL,NULL
01,05,373,130100002,400100022,A01,A01,NULL,NULL,NULL,NULL,NULL,NULL
01,05,373,250000004,300300022,C02,B01,NULL,NULL,NULL,NULL,NULL,NULL
01,05,373,300100022,110100022,A02,D04,NULL,NULL,NULL,NULL,NULL,NULL
01,05,374,130100002,400100023,A01,A01,NULL,NULL,NULL,NULL,NULL,NULL
01,05,374,250000004,300300023,C02,B01,NULL,NULL,NULL,NULL,NULL,NULL
01,05,374,300100023,110100023,A02,D04,NULL,NULL,NULL,NULL,NULL,NULL
01,05,375,130100002,400100024,A01,A01,NULL,NULL,NULL,NULL,NULL,NULL
01,05,375,250000004,300300024,C02,B01,NULL,NULL,NULL,NULL,NULL,NULL
01,05,375,300100024,110100024,A02,D04,NULL,NULL,NULL,NULL,NULL,NULL
01,05,400,120500000,130100000,A01,A01,NULL,NULL,NULL,NULL,NULL,NULL
01,05,401,130100002,130100000,A01,A01,NULL,NULL,NULL,NULL,NULL,NULL
01,05,402,120500000,130100000,A01,A01,NULL,NULL,NULL,NULL,NULL,NULL
01,05,403,130100001,130100000,A01,A01,NULL,NULL,NULL,NULL,NULL,NULL
01,05,404,400100100,130100000,A01,A01,NULL,NULL,NULL,SETYO,2013-10-30 19:54:18.090,19:54:18
01,05,405,830000000,130100000,A01,A01,NULL,NULL,NULL,NULL,NULL,NULL
01,05,406,709000013,130100000,A01,A01,NULL,NULL,NULL,NULL,NULL,NULL
01,05,407,120500001,130100000,A01,A01,NULL,NULL,NULL,NULL,NULL,NULL
01,05,408,150000006,130100000,A01,A01,NULL,NULL,NULL,NULL,NULL,NULL
01,05,409,150000007,130100000,A01,A01,NULL,NULL,NULL,NULL,NULL,NULL
01,05,410,150000008,130100000,A01,A01,NULL,NULL,NULL,NULL,NULL,NULL
01,05,411,150000009,130100000,A01,A01,NULL,NULL,NULL,NULL,NULL,NULL
01,05,412,150000010,130100000,A01,A01,2013-01-11 09:55:00.263,DARMAWAN,09:55:00,NULL,NULL,NULL
01,05,550,,110300000,,K03,NULL,NULL,NULL,NULL,NULL,NULL
01,05,550,100310000,110200000,F01,F03,NULL,NULL,NULL,NULL,NULL,NULL
01,05,550,723000000,719000000,K02,K01,NULL,NULL,NULL,NULL,NULL,NULL
01,05,551,,110300000,,K03,NULL,NULL,NULL,NULL,NULL,NULL
01,05,551,100310000,110100000,F01,F03,NULL,NULL,NULL,NULL,NULL,NULL
01,05,551,723000000,719000000,K02,K01,NULL,NULL,NULL,NULL,NULL,NULL
01,05,552,,110300000,,K03,NULL,NULL,NULL,NULL,NULL,NULL
01,05,552,100310000,110100001,F01,F03,NULL,NULL,NULL,NULL,NULL,NULL
01,05,552,723000000,719000000,K02,K01,NULL,NULL,NULL,NULL,NULL,NULL
01,05,553,,110300000,,K03,NULL,NULL,NULL,NULL,NULL,NULL
01,05,553,100310000,110100002,F01,F03,NULL,NULL,NULL,NULL,NULL,NULL
01,05,553,723000000,719000000,K02,K01,NULL,NULL,NULL,NULL,NULL,NULL
01,05,554,,110300000,,K03,NULL,NULL,NULL,NULL,NULL,NULL
01,05,554,100310000,110100003,F01,F03,NULL,NULL,NULL,NULL,NULL,NULL
01,05,554,723000000,719000000,K02,K01,NULL,NULL,NULL,NULL,NULL,NULL
01,05,555,,110300000,,K03,NULL,NULL,NULL,NULL,NULL,NULL
01,05,555,100310000,110100004,F01,F03,NULL,NULL,NULL,NULL,NULL,NULL
01,05,555,723000000,719000000,K02,K01,NULL,NULL,NULL,NULL,NULL,NULL
01,05,556,,110300000,,K03,NULL,NULL,NULL,NULL,NULL,NULL
01,05,556,100310000,110100005,F01,F03,NULL,NULL,NULL,NULL,NULL,NULL
01,05,556,723000000,719000000,K02,K01,NULL,NULL,NULL,NULL,NULL,NULL
01,05,557,,110300000,,K03,NULL,NULL,NULL,NULL,NULL,NULL
01,05,557,100310000,110100006,F01,F03,NULL,NULL,NULL,NULL,NULL,NULL
01,05,557,723000000,719000000,K02,K01,NULL,NULL,NULL,NULL,NULL,NULL
01,05,558,,110300000,,K03,NULL,NULL,NULL,NULL,NULL,NULL
01,05,558,100310000,110100007,F01,F03,NULL,NULL,NULL,NULL,NULL,NULL
01,05,558,723000000,719000000,K02,K01,NULL,NULL,NULL,NULL,NULL,NULL
01,05,559,,110300000,,K03,NULL,NULL,NULL,NULL,NULL,NULL
01,05,559,100310000,110100008,F01,F03,NULL,NULL,NULL,NULL,NULL,NULL
01,05,559,723000000,719000000,K02,K01,NULL,NULL,NULL,NULL,NULL,NULL
01,05,560,,110300000,,K03,NULL,NULL,NULL,NULL,NULL,NULL
01,05,560,100310000,110100009,F01,F03,NULL,NULL,NULL,NULL,NULL,NULL
01,05,560,723000000,719000000,K02,K01,NULL,NULL,NULL,NULL,NULL,NULL
01,05,561,,110300000,,K03,NULL,NULL,NULL,NULL,NULL,NULL
01,05,561,100310000,110100010,F01,F03,NULL,NULL,NULL,NULL,NULL,NULL
01,05,561,723000000,719000000,K02,K01,NULL,NULL,NULL,NULL,NULL,NULL
01,05,562,,110300000,,K03,NULL,NULL,NULL,NULL,NULL,NULL
01,05,562,100310000,110100011,F01,F03,NULL,NULL,NULL,NULL,NULL,NULL
01,05,562,723000000,719000000,K02,K01,NULL,NULL,NULL,NULL,NULL,NULL
01,05,563,,110300000,,K03,NULL,NULL,NULL,NULL,NULL,NULL
01,05,563,100310000,110100012,F01,F03,NULL,NULL,NULL,NULL,NULL,NULL
01,05,563,723000000,719000000,K02,K01,NULL,NULL,NULL,NULL,NULL,NULL
01,05,564,,110300000,,K03,NULL,NULL,NULL,NULL,NULL,NULL
01,05,564,100310000,110100013,F01,F03,NULL,NULL,NULL,NULL,NULL,NULL
01,05,564,723000000,719000000,K02,K01,NULL,NULL,NULL,NULL,NULL,NULL
01,05,565,,110300000,,K03,NULL,NULL,NULL,NULL,NULL,NULL
01,05,565,100310000,110100014,F01,F03,NULL,NULL,NULL,NULL,NULL,NULL
01,05,565,723000000,719000000,K02,K01,NULL,NULL,NULL,NULL,NULL,NULL
01,05,566,,110300000,,K03,NULL,NULL,NULL,NULL,NULL,NULL
01,05,566,100310000,110100015,F01,F03,NULL,NULL,NULL,NULL,NULL,NULL
01,05,566,723000000,719000000,K02,K01,NULL,NULL,NULL,NULL,NULL,NULL
01,05,567,,110300000,,K03,NULL,NULL,NULL,NULL,NULL,NULL
01,05,567,100310000,110100016,F01,F03,NULL,NULL,NULL,NULL,NULL,NULL
01,05,567,723000000,719000000,K02,K01,NULL,NULL,NULL,NULL,NULL,NULL
01,05,568,,110300000,,K03,NULL,NULL,NULL,NULL,NULL,NULL
01,05,568,100310000,110100017,F01,F03,NULL,NULL,NULL,NULL,NULL,NULL
01,05,568,723000000,719000000,K02,K01,NULL,NULL,NULL,NULL,NULL,NULL
01,05,569,,110300000,,K03,NULL,NULL,NULL,NULL,NULL,NULL
01,05,569,100310000,110100018,F01,F03,NULL,NULL,NULL,NULL,NULL,NULL
01,05,569,723000000,719000000,K02,K01,NULL,NULL,NULL,NULL,NULL,NULL
01,05,570,,110300000,,K03,NULL,NULL,NULL,NULL,NULL,NULL
01,05,570,100310000,110100019,F01,F03,NULL,NULL,NULL,NULL,NULL,NULL
01,05,570,723000000,719000000,K02,K01,NULL,NULL,NULL,NULL,NULL,NULL
01,05,571,,110300000,,K03,NULL,NULL,NULL,NULL,NULL,NULL
01,05,571,100310000,110100020,F01,F03,NULL,NULL,NULL,NULL,NULL,NULL
01,05,571,723000000,719000000,K02,K01,NULL,NULL,NULL,NULL,NULL,NULL
01,05,572,,110300000,,K03,NULL,NULL,NULL,NULL,NULL,NULL
01,05,572,100310000,110100021,F01,F03,NULL,NULL,NULL,NULL,NULL,NULL
01,05,572,723000000,719000000,K02,K01,NULL,NULL,NULL,NULL,NULL,NULL
01,05,573,,110300000,,K03,NULL,NULL,NULL,NULL,NULL,NULL
01,05,573,100310000,110100022,F01,F03,NULL,NULL,NULL,NULL,NULL,NULL
01,05,573,723000000,719000000,K02,K01,NULL,NULL,NULL,NULL,NULL,NULL
01,05,574,,110300000,,K03,NULL,NULL,NULL,NULL,NULL,NULL
01,05,574,100310000,110100023,F01,F03,NULL,NULL,NULL,NULL,NULL,NULL
01,05,574,723000000,719000000,K02,K01,NULL,NULL,NULL,NULL,NULL,NULL
01,05,575,,110300000,,K03,NULL,NULL,NULL,NULL,NULL,NULL
01,05,575,100310000,110100024,F01,F03,NULL,NULL,NULL,NULL,NULL,NULL
01,05,575,723000000,719000000,K02,K01,NULL,NULL,NULL,NULL,NULL,NULL
01,05,600,250000004,,C01,,NULL,NULL,NULL,NULL,NULL,NULL
01,05,600,300200000,110200000,A02,D02,NULL,NULL,NULL,NULL,NULL,NULL
01,05,601,,250000004,,C01,NULL,NULL,NULL,NULL,NULL,NULL
01,05,601,110200000,300200000,D02,A02,NULL,NULL,NULL,NULL,NULL,NULL
01,05,610,250000004,,C01,,NULL,NULL,NULL,NULL,NULL,NULL
01,05,610,300100000,110100000,A02,D02,NULL,NULL,NULL,NULL,NULL,NULL
01,05,611,250000004,,C01,,NULL,NULL,NULL,NULL,NULL,NULL
01,05,611,300100001,110100001,A02,D02,NULL,NULL,NULL,NULL,NULL,NULL
01,05,612,250000004,,C01,,NULL,NULL,NULL,NULL,NULL,NULL
01,05,612,300100002,110100002,A02,D02,NULL,NULL,NULL,NULL,NULL,NULL
01,05,613,250000004,,C01,,NULL,NULL,NULL,NULL,NULL,NULL
01,05,613,300100003,110100003,A02,D02,NULL,NULL,NULL,NULL,NULL,NULL
01,05,614,250000004,,C01,,NULL,NULL,NULL,NULL,NULL,NULL
01,05,614,300100004,110100004,A02,D02,NULL,NULL,NULL,NULL,NULL,NULL
01,05,615,250000004,,C01,,NULL,NULL,NULL,NULL,NULL,NULL
01,05,615,300100005,110100005,A02,D02,NULL,NULL,NULL,NULL,NULL,NULL
01,05,616,250000004,,C01,,NULL,NULL,NULL,NULL,NULL,NULL
01,05,616,300100006,110100006,A02,D02,NULL,NULL,NULL,NULL,NULL,NULL
01,05,617,250000004,,C01,,NULL,NULL,NULL,NULL,NULL,NULL
01,05,617,300100007,110100007,A02,D02,NULL,NULL,NULL,NULL,NULL,NULL
01,05,618,250000004,,C01,,NULL,NULL,NULL,NULL,NULL,NULL
01,05,618,300100008,110100008,A02,D02,NULL,NULL,NULL,NULL,NULL,NULL
01,05,619,250000004,,C01,,NULL,NULL,NULL,NULL,NULL,NULL
01,05,619,300100009,110100009,A02,D02,NULL,NULL,NULL,NULL,NULL,NULL
01,05,620,250000004,,C01,,NULL,NULL,NULL,NULL,NULL,NULL
01,05,620,300100010,110100010,A02,D02,NULL,NULL,NULL,NULL,NULL,NULL
01,05,621,250000004,,C01,,NULL,NULL,NULL,NULL,NULL,NULL
01,05,621,300100011,110100011,A02,D02,NULL,NULL,NULL,NULL,NULL,NULL
01,05,622,250000004,,C01,,NULL,NULL,NULL,NULL,NULL,NULL
01,05,622,300100012,110100012,A02,D02,NULL,NULL,NULL,NULL,NULL,NULL
01,05,623,250000004,,C01,,NULL,NULL,NULL,NULL,NULL,NULL
01,05,623,300100013,110100013,A02,D02,NULL,NULL,NULL,NULL,NULL,NULL
01,05,624,250000004,,C01,,NULL,NULL,NULL,NULL,NULL,NULL
01,05,624,300100014,110100014,A02,D02,NULL,NULL,NULL,NULL,NULL,NULL
01,05,625,250000004,,C01,,NULL,NULL,NULL,NULL,NULL,NULL
01,05,625,300100015,110100015,A02,D02,NULL,NULL,NULL,NULL,NULL,NULL
01,05,626,250000004,,C01,,NULL,NULL,NULL,NULL,NULL,NULL
01,05,626,300100016,110100016,A02,D02,NULL,NULL,NULL,NULL,NULL,NULL
01,05,627,250000004,,C01,,NULL,NULL,NULL,NULL,NULL,NULL
01,05,627,300100017,110100017,A02,D02,NULL,NULL,NULL,NULL,NULL,NULL
01,05,628,250000004,,C01,,NULL,NULL,NULL,NULL,NULL,NULL
01,05,628,300100018,110100018,A02,D02,NULL,NULL,NULL,NULL,NULL,NULL
01,05,629,250000004,,C01,,NULL,NULL,NULL,NULL,NULL,NULL
01,05,629,300100019,110100019,A02,D02,NULL,NULL,NULL,NULL,NULL,NULL
01,05,630,250000004,,C01,,NULL,NULL,NULL,NULL,NULL,NULL
01,05,630,300100020,110100020,A02,D02,NULL,NULL,NULL,NULL,NULL,NULL
01,05,631,250000004,,C01,,NULL,NULL,NULL,NULL,NULL,NULL
01,05,631,300100021,110100021,A02,D02,NULL,NULL,NULL,NULL,NULL,NULL
01,05,632,250000004,,C01,,NULL,NULL,NULL,NULL,NULL,NULL
01,05,632,300100022,110100022,A02,D02,NULL,NULL,NULL,NULL,NULL,NULL
01,05,633,250000004,,C01,,NULL,NULL,NULL,NULL,NULL,NULL
01,05,633,300100023,110100023,A02,D02,NULL,NULL,NULL,NULL,NULL,NULL
01,05,634,250000004,,C01,,NULL,NULL,NULL,NULL,NULL,NULL
01,05,634,300100024,110100024,A02,D02,NULL,NULL,NULL,NULL,NULL,NULL
01,05,650,,250000004,,C01,NULL,NULL,NULL,NULL,NULL,NULL
01,05,650,110100000,300100000,D02,A02,NULL,NULL,NULL,NULL,NULL,NULL
01,05,651,,250000004,,C01,NULL,NULL,NULL,NULL,NULL,NULL
01,05,651,110100001,300100001,D02,A02,NULL,NULL,NULL,NULL,NULL,NULL
01,05,652,,250000004,,C01,NULL,NULL,NULL,NULL,NULL,NULL
01,05,652,110100002,300100002,D02,A02,NULL,NULL,NULL,NULL,NULL,NULL
01,05,653,,250000004,,C01,NULL,NULL,NULL,NULL,NULL,NULL
01,05,653,110100003,300100003,D02,A02,NULL,NULL,NULL,NULL,NULL,NULL
01,05,654,,250000004,,C01,NULL,NULL,NULL,NULL,NULL,NULL
01,05,654,110100004,300100004,D02,A02,NULL,NULL,NULL,NULL,NULL,NULL
01,05,655,,250000004,,C01,NULL,NULL,NULL,NULL,NULL,NULL
01,05,655,110100005,300100005,D02,A02,NULL,NULL,NULL,NULL,NULL,NULL
01,05,656,,250000004,,C01,NULL,NULL,NULL,NULL,NULL,NULL
01,05,656,110100006,300100006,D02,A02,NULL,NULL,NULL,NULL,NULL,NULL
01,05,657,,250000004,,C01,NULL,NULL,NULL,NULL,NULL,NULL
01,05,657,110100007,300100007,D02,A02,NULL,NULL,NULL,NULL,NULL,NULL
01,05,658,,250000004,,C01,NULL,NULL,NULL,NULL,NULL,NULL
01,05,658,110100008,300100008,D02,A02,NULL,NULL,NULL,NULL,NULL,NULL
01,05,659,,250000004,,C01,NULL,NULL,NULL,NULL,NULL,NULL
01,05,659,110100009,300100009,D02,A02,NULL,NULL,NULL,NULL,NULL,NULL
01,05,660,,250000004,,C01,NULL,NULL,NULL,NULL,NULL,NULL
01,05,660,110100010,300100010,D02,A02,NULL,NULL,NULL,NULL,NULL,NULL
01,05,661,,250000004,,C01,NULL,NULL,NULL,NULL,NULL,NULL
01,05,661,110100011,300100011,D02,A02,NULL,NULL,NULL,NULL,NULL,NULL
01,05,662,,250000004,,C01,NULL,NULL,NULL,NULL,NULL,NULL
01,05,662,110100012,300100012,D02,A02,NULL,NULL,NULL,NULL,NULL,NULL
01,05,663,,250000004,,C01,NULL,NULL,NULL,NULL,NULL,NULL
01,05,663,110100013,300100013,D02,A02,NULL,NULL,NULL,NULL,NULL,NULL
01,05,664,,250000004,,C01,NULL,NULL,NULL,NULL,NULL,NULL
01,05,664,110100014,300100014,D02,A02,NULL,NULL,NULL,NULL,NULL,NULL
01,05,665,,250000004,,C01,NULL,NULL,NULL,NULL,NULL,NULL
01,05,665,110100015,300100015,D02,A02,NULL,NULL,NULL,NULL,NULL,NULL
01,05,666,,250000004,,C01,NULL,NULL,NULL,NULL,NULL,NULL
01,05,666,110100016,300100016,D02,A02,NULL,NULL,NULL,NULL,NULL,NULL
01,05,667,,250000004,,C01,NULL,NULL,NULL,NULL,NULL,NULL
01,05,667,110100017,300100017,D02,A02,NULL,NULL,NULL,NULL,NULL,NULL
01,05,668,,250000004,,C01,NULL,NULL,NULL,NULL,NULL,NULL
01,05,668,110100018,300100018,D02,A02,NULL,NULL,NULL,NULL,NULL,NULL
01,05,669,,250000004,,C01,NULL,NULL,NULL,NULL,NULL,NULL
01,05,669,110100019,300100019,D02,A02,NULL,NULL,NULL,NULL,NULL,NULL
01,05,670,,250000004,,C01,NULL,NULL,NULL,NULL,NULL,NULL
01,05,670,110100020,300100020,D02,A02,NULL,NULL,NULL,NULL,NULL,NULL
01,05,671,,250000004,,C01,NULL,NULL,NULL,NULL,NULL,NULL
01,05,671,110100021,300100021,D02,A02,NULL,NULL,NULL,NULL,NULL,NULL
01,05,672,,250000004,,C01,NULL,NULL,NULL,NULL,NULL,NULL
01,05,672,110100022,300100022,D02,A02,NULL,NULL,NULL,NULL,NULL,NULL
01,05,673,,250000004,,C01,NULL,NULL,NULL,NULL,NULL,NULL
01,05,673,110100023,300100023,D02,A02,NULL,NULL,NULL,NULL,NULL,NULL
01,05,674,,250000004,,C01,NULL,NULL,NULL,NULL,NULL,NULL
01,05,674,110100024,300100024,D02,A02,NULL,NULL,NULL,NULL,NULL,NULL
01,05,701,100310002,150000011,X1,X1,NULL,NULL,NULL,SETYO,2014-05-07 11:46:48.780,11:46:48
01,05,750,730000000,110100000,Y1,Y1,2011-05-13 06:00:59.250,SETYO,06:00:59,NULL,NULL,NULL
01,05,751,730000000,110100001,Y1,Y1,2011-05-13 06:00:59.263,SETYO,06:00:59,NULL,NULL,NULL
01,05,752,730000000,110100002,Y1,Y1,2011-05-13 06:00:59.263,SETYO,06:00:59,NULL,NULL,NULL
01,05,753,730000000,110100003,Y1,Y1,2011-05-13 06:00:59.263,SETYO,06:00:59,NULL,NULL,NULL
01,05,754,730000000,110100004,Y1,Y1,2011-05-13 06:00:59.263,SETYO,06:00:59,NULL,NULL,NULL
01,05,755,730000000,110100005,Y1,Y1,2011-05-13 06:00:59.263,SETYO,06:00:59,NULL,NULL,NULL
01,05,756,730000000,110100006,Y1,Y1,2011-05-13 06:00:59.263,SETYO,06:00:59,NULL,NULL,NULL
01,05,757,730000000,110100007,Y1,Y1,2011-05-13 06:00:59.263,SETYO,06:00:59,NULL,NULL,NULL
01,05,758,730000000,110100008,Y1,Y1,2011-05-13 06:00:59.280,SETYO,06:00:59,NULL,NULL,NULL
01,05,759,730000000,110100009,Y1,Y1,2011-05-13 06:00:59.280,SETYO,06:00:59,NULL,NULL,NULL
01,05,760,730000000,110100010,Y1,Y1,2011-05-13 06:00:59.310,SETYO,06:00:59,NULL,NULL,NULL
01,05,761,730000000,110100011,Y1,Y1,2011-05-13 06:00:59.310,SETYO,06:00:59,NULL,NULL,NULL
01,05,762,730000000,110100012,Y1,Y1,2011-05-13 06:00:59.310,SETYO,06:00:59,NULL,NULL,NULL
01,05,763,730000000,110100014,Y1,Y1,2011-05-13 06:00:59.310,SETYO,06:00:59,NULL,NULL,NULL
01,05,764,730000000,110100015,Y1,Y1,2011-05-13 06:00:59.310,SETYO,06:00:59,NULL,NULL,NULL
01,05,765,730000000,110100016,Y1,Y1,2011-05-13 06:00:59.310,SETYO,06:00:59,NULL,NULL,NULL
01,05,766,730000000,110100017,Y1,Y1,2011-05-13 06:00:59.310,SETYO,06:00:59,NULL,NULL,NULL
01,05,767,730000000,110100018,Y1,Y1,2011-05-13 06:00:59.310,SETYO,06:00:59,NULL,NULL,NULL
01,05,768,730000000,110100019,Y1,Y1,2011-05-13 06:00:59.310,SETYO,06:00:59,NULL,NULL,NULL
01,05,769,730000000,110100020,Y1,Y1,2011-05-13 06:00:59.310,SETYO,06:00:59,NULL,NULL,NULL
01,05,770,730000000,110100021,Y1,Y1,2011-05-13 06:00:59.310,SETYO,06:00:59,NULL,NULL,NULL
01,05,771,730000000,110100022,Y1,Y1,2011-05-13 06:00:59.310,SETYO,06:00:59,NULL,NULL,NULL
01,05,772,730000000,110100023,Y1,Y1,2011-05-13 06:00:59.310,SETYO,06:00:59,NULL,NULL,NULL
01,05,773,730000000,110100024,Y1,Y1,2011-05-13 06:00:59.310,SETYO,06:00:59,NULL,NULL,NULL
01,05,774,730000000,110100025,Y1,Y1,2011-05-13 06:00:59.310,SETYO,06:00:59,NULL,NULL,NULL
01,05,780,730000000,110200000,Y1,Y1,2011-05-13 06:00:59.310,SETYO,06:00:59,NULL,NULL,NULL
01,05,800,,250000004,,C02,NULL,NULL,NULL,NULL,NULL,NULL
01,05,800,210100000,400100100,D01,A01,NULL,NULL,NULL,NULL,NULL,NULL
01,05,801,,250000004,,C02,NULL,NULL,NULL,NULL,NULL,NULL
01,05,801,210300000,400100100,D01,A01,NULL,NULL,NULL,NULL,NULL,NULL
01,05,802,,250000004,,C02,NULL,NULL,NULL,NULL,NULL,NULL
01,05,802,210300001,400100100,D01,A01,NULL,NULL,NULL,NULL,NULL,NULL
01,05,803,,250000004,,C02,NULL,NULL,NULL,NULL,NULL,NULL
01,05,803,210300002,400100100,D01,A01,NULL,NULL,NULL,NULL,NULL,NULL
01,05,804,,250000004,,C02,NULL,NULL,NULL,NULL,NULL,NULL
01,05,804,210300003,400100100,D01,A01,NULL,NULL,NULL,NULL,NULL,NULL
01,05,805,,250000004,,C02,NULL,NULL,NULL,NULL,NULL,NULL
01,05,805,210300004,400100100,D01,A01,NULL,NULL,NULL,NULL,NULL,NULL
01,05,806,,250000004,,C02,NULL,NULL,NULL,NULL,NULL,NULL
01,05,806,210300005,400100100,D01,A01,NULL,NULL,NULL,NULL,NULL,NULL
01,05,807,,250000004,,C02,NULL,NULL,NULL,NULL,NULL,NULL
01,05,807,210300006,400100100,D01,A01,NULL,NULL,NULL,NULL,NULL,NULL
01,05,808,,250000004,,C02,NULL,NULL,NULL,NULL,NULL,NULL
01,05,808,210300007,400100100,D01,A01,NULL,NULL,NULL,NULL,NULL,NULL
01,05,809,,250000004,,C02,NULL,NULL,NULL,NULL,NULL,NULL
01,05,809,210300008,400100100,D01,A01,NULL,NULL,NULL,NULL,NULL,NULL
01,05,810,,250000004,,C02,NULL,NULL,NULL,NULL,NULL,NULL
01,05,810,210300009,400100100,D01,A01,NULL,NULL,NULL,NULL,NULL,NULL
01,05,811,,250000004,,C02,NULL,NULL,NULL,NULL,NULL,NULL
01,05,811,210300010,400100100,D01,A01,NULL,NULL,NULL,NULL,NULL,NULL
01,05,812,,250000004,,C02,NULL,NULL,NULL,NULL,NULL,NULL
01,05,812,210300011,400100100,D01,A01,NULL,NULL,NULL,NULL,NULL,NULL
01,05,813,,250000004,,C02,NULL,NULL,NULL,NULL,NULL,NULL
01,05,813,210300012,400100100,D01,A01,NULL,NULL,NULL,NULL,NULL,NULL
01,05,814,,250000004,,C02,NULL,NULL,NULL,NULL,NULL,NULL
01,05,814,210300013,400100100,D01,A01,NULL,NULL,NULL,NULL,NULL,NULL
01,05,815,,250000004,,C02,NULL,NULL,NULL,NULL,NULL,NULL
01,05,815,210300014,400100100,D01,A01,NULL,NULL,NULL,NULL,NULL,NULL
01,05,816,,250000004,,C02,NULL,NULL,NULL,NULL,NULL,NULL
01,05,816,210300015,400100100,D01,A01,NULL,NULL,NULL,NULL,NULL,NULL
01,05,817,,250000004,,C02,NULL,NULL,NULL,NULL,NULL,NULL
01,05,817,210300016,400100100,D01,A01,NULL,NULL,NULL,NULL,NULL,NULL
01,05,818,,250000004,,C02,NULL,NULL,NULL,NULL,NULL,NULL
01,05,818,210300017,400100100,D01,A01,NULL,NULL,NULL,NULL,NULL,NULL
01,05,819,,250000004,,C02,NULL,NULL,NULL,NULL,NULL,NULL
01,05,819,210300018,400100100,D01,A01,NULL,NULL,NULL,NULL,NULL,NULL
01,05,820,,250000004,,C02,NULL,NULL,NULL,NULL,NULL,NULL
01,05,820,210300019,400100100,D01,A01,NULL,NULL,NULL,NULL,NULL,NULL
01,05,821,,250000004,,C02,NULL,NULL,NULL,NULL,NULL,NULL
01,05,821,210300020,400100100,D01,A01,NULL,NULL,NULL,NULL,NULL,NULL
01,05,822,,250000004,,C02,NULL,NULL,NULL,NULL,NULL,NULL
01,05,822,210300021,400100100,D01,A01,NULL,NULL,NULL,NULL,NULL,NULL
01,05,823,,250000004,,C02,NULL,NULL,NULL,NULL,NULL,NULL
01,05,823,210300022,400100100,D01,A01,NULL,NULL,NULL,NULL,NULL,NULL
01,05,824,,250000004,,C02,NULL,NULL,NULL,NULL,NULL,NULL
01,05,824,210300023,400100100,D01,A01,NULL,NULL,NULL,NULL,NULL,NULL
01,05,825,,250000004,,C02,NULL,NULL,NULL,NULL,NULL,NULL
01,05,825,210300024,400100100,D01,A01,NULL,NULL,NULL,NULL,NULL,NULL
01,05,826,,250000004,,C02,NULL,NULL,NULL,NULL,NULL,NULL
01,05,826,210300025,400100100,D01,A01,NULL,NULL,NULL,NULL,NULL,NULL
01,05,850,250000004,,C02,,NULL,NULL,NULL,NULL,NULL,NULL
01,05,850,400100100,210100000,A01,D01,NULL,NULL,NULL,NULL,NULL,NULL
01,05,851,250000004,,C02,,NULL,NULL,NULL,NULL,NULL,NULL
01,05,851,400100100,210300000,A01,D01,NULL,NULL,NULL,NULL,NULL,NULL
01,05,852,250000004,,C02,,NULL,NULL,NULL,NULL,NULL,NULL
01,05,852,400100100,210300001,A01,D01,NULL,NULL,NULL,NULL,NULL,NULL
01,05,853,250000004,,C02,,NULL,NULL,NULL,NULL,NULL,NULL
01,05,853,400100100,210300002,A01,D01,NULL,NULL,NULL,NULL,NULL,NULL
01,05,854,250000004,,C02,,NULL,NULL,NULL,NULL,NULL,NULL
01,05,854,400100100,210300003,A01,D01,NULL,NULL,NULL,NULL,NULL,NULL
01,05,855,250000004,,C02,,NULL,NULL,NULL,NULL,NULL,NULL
01,05,855,400100100,210300004,A01,D01,NULL,NULL,NULL,NULL,NULL,NULL
01,05,856,250000004,,C02,,NULL,NULL,NULL,NULL,NULL,NULL
01,05,856,400100100,210300005,A01,D01,NULL,NULL,NULL,NULL,NULL,NULL
01,05,857,250000004,,C02,,NULL,NULL,NULL,NULL,NULL,NULL
01,05,857,400100100,210300006,A01,D01,NULL,NULL,NULL,NULL,NULL,NULL
01,05,858,250000004,,C02,,NULL,NULL,NULL,NULL,NULL,NULL
01,05,858,400100100,210300007,A01,D01,NULL,NULL,NULL,NULL,NULL,NULL
01,05,859,250000004,,C02,,NULL,NULL,NULL,NULL,NULL,NULL
01,05,859,400100100,210300008,A01,D01,NULL,NULL,NULL,NULL,NULL,NULL
01,05,860,250000004,,C02,,NULL,NULL,NULL,NULL,NULL,NULL
01,05,860,400100100,210300009,A01,D01,NULL,NULL,NULL,NULL,NULL,NULL
01,05,861,250000004,,C02,,NULL,NULL,NULL,NULL,NULL,NULL
01,05,861,400100100,210300010,A01,D01,NULL,NULL,NULL,NULL,NULL,NULL
01,05,862,250000004,,C02,,NULL,NULL,NULL,NULL,NULL,NULL
01,05,862,400100100,210300011,A01,D01,NULL,NULL,NULL,NULL,NULL,NULL
01,05,863,250000004,,C02,,NULL,NULL,NULL,NULL,NULL,NULL
01,05,863,400100100,210300012,A01,D01,NULL,NULL,NULL,NULL,NULL,NULL
01,05,864,250000004,,C02,,NULL,NULL,NULL,NULL,NULL,NULL
01,05,864,400100100,210300013,A01,D01,NULL,NULL,NULL,NULL,NULL,NULL
01,05,865,250000004,,C02,,NULL,NULL,NULL,NULL,NULL,NULL
01,05,865,400100100,210300014,A01,D01,NULL,NULL,NULL,NULL,NULL,NULL
01,05,866,250000004,,C02,,NULL,NULL,NULL,NULL,NULL,NULL
01,05,866,400100100,210300015,A01,D01,NULL,NULL,NULL,NULL,NULL,NULL
01,05,867,250000004,,C02,,NULL,NULL,NULL,NULL,NULL,NULL
01,05,867,400100100,210300016,A01,D01,NULL,NULL,NULL,NULL,NULL,NULL
01,05,868,250000004,,C02,,NULL,NULL,NULL,NULL,NULL,NULL
01,05,868,400100100,210300017,A01,D01,NULL,NULL,NULL,NULL,NULL,NULL
01,05,869,250000004,,C02,,NULL,NULL,NULL,NULL,NULL,NULL
01,05,869,400100100,210300018,A01,D01,NULL,NULL,NULL,NULL,NULL,NULL
01,05,870,250000004,,C02,,NULL,NULL,NULL,NULL,NULL,NULL
01,05,870,400100100,210300019,A01,D01,NULL,NULL,NULL,NULL,NULL,NULL
01,05,871,250000004,,C02,,NULL,NULL,NULL,NULL,NULL,NULL
01,05,871,400100100,210300020,A01,D01,NULL,NULL,NULL,NULL,NULL,NULL
01,05,872,250000004,,C02,,NULL,NULL,NULL,NULL,NULL,NULL
01,05,872,400100100,210300021,A01,D01,NULL,NULL,NULL,NULL,NULL,NULL
01,05,873,250000004,,C02,,NULL,NULL,NULL,NULL,NULL,NULL
01,05,873,400100100,210300022,A01,D01,NULL,NULL,NULL,NULL,NULL,NULL
01,05,900,100210001,110300000,K03,K03,NULL,NULL,NULL,NULL,NULL,NULL
01,05,901,110300000,100210001,K03,K03,NULL,NULL,NULL,NULL,NULL,NULL
,,,,,,,,,,,,
(630 row(s) a,ffected),,,,,,,,,,,
